,Model
0,access1-0_rcp45_LUCAS-BAU_High-0009
1,access1-0_rcp45_LUCAS-BAU_Low-0007
2,canesm2_rcp45_LUCAS-BAU_High-0001
3,canesm2_rcp45_LUCAS-BAU_High-0002
4,canesm2_rcp45_LUCAS-BAU_High-0003
5,canesm2_rcp45_LUCAS-BAU_High-0004
6,canesm2_rcp45_LUCAS-BAU_High-0005
7,canesm2_rcp45_LUCAS-BAU_High-0006
8,canesm2_rcp45_LUCAS-BAU_High-0007
9,canesm2_rcp45_LUCAS-BAU_High-0008
10,canesm2_rcp45_LUCAS-BAU_High-0009
11,canesm2_rcp45_LUCAS-BAU_High-0010
12,canesm2_rcp45_LUCAS-BAU_Low-0001
13,canesm2_rcp45_LUCAS-BAU_Low-0002
14,canesm2_rcp45_LUCAS-BAU_Low-0003
15,canesm2_rcp45_LUCAS-BAU_Low-0004
16,canesm2_rcp45_LUCAS-BAU_Low-0005
17,canesm2_rcp45_LUCAS-BAU_Low-0006
18,canesm2_rcp45_LUCAS-BAU_Low-0007
19,canesm2_rcp45_LUCAS-BAU_Low-0008
20,canesm2_rcp45_LUCAS-BAU_Low-0009
21,canesm2_rcp45_LUCAS-BAU_Low-0010
22,canesm2_rcp45_LUCAS-BAU_Med-0001
23,canesm2_rcp45_LUCAS-BAU_Med-0002
24,canesm2_rcp45_LUCAS-BAU_Med-0003
25,canesm2_rcp45_LUCAS-BAU_Med-0004
26,canesm2_rcp45_LUCAS-BAU_Med-0005
27,canesm2_rcp45_LUCAS-BAU_Med-0006
28,canesm2_rcp45_LUCAS-BAU_Med-0007
29,canesm2_rcp45_LUCAS-BAU_Med-0008
30,canesm2_rcp45_LUCAS-BAU_Med-0009
31,canesm2_rcp45_LUCAS-BAU_Med-0010
32,canesm2_rcp85_LUCAS-BAU_High-0009
33,canesm2_rcp85_LUCAS-BAU_Low-0001
34,canesm2_rcp85_LUCAS-BAU_Low-0002
35,canesm2_rcp85_LUCAS-BAU_Low-0003
36,canesm2_rcp85_LUCAS-BAU_Low-0004
37,canesm2_rcp85_LUCAS-BAU_Low-0005
38,canesm2_rcp85_LUCAS-BAU_Low-0006
39,canesm2_rcp85_LUCAS-BAU_Low-0008
40,canesm2_rcp85_LUCAS-BAU_Low-0010
41,canesm2_rcp85_LUCAS-BAU_Med-0001
42,canesm2_rcp85_LUCAS-BAU_Med-0004
43,canesm2_rcp85_LUCAS-BAU_Med-0010
44,cesm1-bgc_rcp45_FORE-SCE-B1
45,cesm1-bgc_rcp45_LUCAS-BAU_High-0001
46,cesm1-bgc_rcp45_LUCAS-BAU_High-0002
47,cesm1-bgc_rcp45_LUCAS-BAU_High-0003
48,cesm1-bgc_rcp45_LUCAS-BAU_High-0004
49,cesm1-bgc_rcp45_LUCAS-BAU_High-0005
50,cesm1-bgc_rcp45_LUCAS-BAU_High-0006
51,cesm1-bgc_rcp45_LUCAS-BAU_High-0007
52,cesm1-bgc_rcp45_LUCAS-BAU_High-0008
53,cesm1-bgc_rcp45_LUCAS-BAU_High-0009
54,cesm1-bgc_rcp45_LUCAS-BAU_High-0010
55,cesm1-bgc_rcp45_LUCAS-BAU_Low-0001
56,cesm1-bgc_rcp45_LUCAS-BAU_Low-0002
57,cesm1-bgc_rcp45_LUCAS-BAU_Low-0003
58,cesm1-bgc_rcp45_LUCAS-BAU_Low-0004
59,cesm1-bgc_rcp45_LUCAS-BAU_Low-0005
60,cesm1-bgc_rcp45_LUCAS-BAU_Low-0006
61,cesm1-bgc_rcp45_LUCAS-BAU_Low-0007
62,cesm1-bgc_rcp45_LUCAS-BAU_Low-0008
63,cesm1-bgc_rcp45_LUCAS-BAU_Low-0009
64,cesm1-bgc_rcp45_LUCAS-BAU_Low-0010
65,cesm1-bgc_rcp45_LUCAS-BAU_Med-0001
66,cesm1-bgc_rcp45_LUCAS-BAU_Med-0002
67,cesm1-bgc_rcp45_LUCAS-BAU_Med-0003
68,cesm1-bgc_rcp45_LUCAS-BAU_Med-0004
69,cesm1-bgc_rcp45_LUCAS-BAU_Med-0005
70,cesm1-bgc_rcp45_LUCAS-BAU_Med-0006
71,cesm1-bgc_rcp45_LUCAS-BAU_Med-0007
72,cesm1-bgc_rcp45_LUCAS-BAU_Med-0008
73,cesm1-bgc_rcp45_LUCAS-BAU_Med-0009
74,cesm1-bgc_rcp45_LUCAS-BAU_Med-0010
75,cesm1-cam5_rcp26_LUCAS-BAU_High-0005
76,cesm1-cam5_rcp26_LUCAS-BAU_High-0009
77,cesm1-cam5_rcp26_LUCAS-BAU_High-0010
78,cesm1-cam5_rcp26_LUCAS-BAU_Low-0001
79,cesm1-cam5_rcp26_LUCAS-BAU_Low-0002
80,cesm1-cam5_rcp26_LUCAS-BAU_Low-0003
81,cesm1-cam5_rcp26_LUCAS-BAU_Low-0004
82,cesm1-cam5_rcp26_LUCAS-BAU_Low-0005
83,cesm1-cam5_rcp26_LUCAS-BAU_Low-0006
84,cesm1-cam5_rcp26_LUCAS-BAU_Low-0007
85,cesm1-cam5_rcp26_LUCAS-BAU_Low-0008
86,cesm1-cam5_rcp26_LUCAS-BAU_Low-0009
87,cesm1-cam5_rcp26_LUCAS-BAU_Low-0010
88,cesm1-cam5_rcp26_LUCAS-BAU_Med-0001
89,cesm1-cam5_rcp26_LUCAS-BAU_Med-0002
90,cesm1-cam5_rcp26_LUCAS-BAU_Med-0003
91,cesm1-cam5_rcp26_LUCAS-BAU_Med-0004
92,cesm1-cam5_rcp26_LUCAS-BAU_Med-0005
93,cesm1-cam5_rcp26_LUCAS-BAU_Med-0006
94,cesm1-cam5_rcp26_LUCAS-BAU_Med-0007
95,cesm1-cam5_rcp26_LUCAS-BAU_Med-0008
96,cesm1-cam5_rcp26_LUCAS-BAU_Med-0009
97,cesm1-cam5_rcp26_LUCAS-BAU_Med-0010
98,cnrm-cm5_rcp45_LUCAS-BAU_High-0001
99,cnrm-cm5_rcp45_LUCAS-BAU_High-0002
100,cnrm-cm5_rcp45_LUCAS-BAU_High-0003
101,cnrm-cm5_rcp45_LUCAS-BAU_High-0004
102,cnrm-cm5_rcp45_LUCAS-BAU_High-0005
103,cnrm-cm5_rcp45_LUCAS-BAU_High-0006
104,cnrm-cm5_rcp45_LUCAS-BAU_High-0007
105,cnrm-cm5_rcp45_LUCAS-BAU_High-0008
106,cnrm-cm5_rcp45_LUCAS-BAU_High-0009
107,cnrm-cm5_rcp45_LUCAS-BAU_High-0010
108,cnrm-cm5_rcp45_LUCAS-BAU_Low-0001
109,cnrm-cm5_rcp45_LUCAS-BAU_Low-0002
110,cnrm-cm5_rcp45_LUCAS-BAU_Low-0003
111,cnrm-cm5_rcp45_LUCAS-BAU_Low-0004
112,cnrm-cm5_rcp45_LUCAS-BAU_Low-0005
113,cnrm-cm5_rcp45_LUCAS-BAU_Low-0006
114,cnrm-cm5_rcp45_LUCAS-BAU_Low-0007
115,cnrm-cm5_rcp45_LUCAS-BAU_Low-0008
116,cnrm-cm5_rcp45_LUCAS-BAU_Low-0009
117,cnrm-cm5_rcp45_LUCAS-BAU_Low-0010
118,cnrm-cm5_rcp45_LUCAS-BAU_Med-0001
119,cnrm-cm5_rcp45_LUCAS-BAU_Med-0002
120,cnrm-cm5_rcp45_LUCAS-BAU_Med-0003
121,cnrm-cm5_rcp45_LUCAS-BAU_Med-0004
122,cnrm-cm5_rcp45_LUCAS-BAU_Med-0005
123,cnrm-cm5_rcp45_LUCAS-BAU_Med-0006
124,cnrm-cm5_rcp45_LUCAS-BAU_Med-0007
125,cnrm-cm5_rcp45_LUCAS-BAU_Med-0008
126,cnrm-cm5_rcp45_LUCAS-BAU_Med-0009
127,cnrm-cm5_rcp45_LUCAS-BAU_Med-0010
128,fgoals-g2_rcp26_LUCAS-BAU_High-0001
129,fgoals-g2_rcp26_LUCAS-BAU_High-0002
130,fgoals-g2_rcp26_LUCAS-BAU_High-0003
131,fgoals-g2_rcp26_LUCAS-BAU_High-0004
132,fgoals-g2_rcp26_LUCAS-BAU_High-0005
133,fgoals-g2_rcp26_LUCAS-BAU_High-0006
134,fgoals-g2_rcp26_LUCAS-BAU_High-0007
135,fgoals-g2_rcp26_LUCAS-BAU_High-0008
136,fgoals-g2_rcp26_LUCAS-BAU_High-0009
137,fgoals-g2_rcp26_LUCAS-BAU_High-0010
138,fgoals-g2_rcp26_LUCAS-BAU_Low-0001
139,fgoals-g2_rcp26_LUCAS-BAU_Low-0002
140,fgoals-g2_rcp26_LUCAS-BAU_Low-0003
141,fgoals-g2_rcp26_LUCAS-BAU_Low-0004
142,fgoals-g2_rcp26_LUCAS-BAU_Low-0005
143,fgoals-g2_rcp26_LUCAS-BAU_Low-0006
144,fgoals-g2_rcp26_LUCAS-BAU_Low-0007
145,fgoals-g2_rcp26_LUCAS-BAU_Low-0008
146,fgoals-g2_rcp26_LUCAS-BAU_Low-0009
147,fgoals-g2_rcp26_LUCAS-BAU_Low-0010
148,fgoals-g2_rcp26_LUCAS-BAU_Med-0001
149,fgoals-g2_rcp26_LUCAS-BAU_Med-0002
150,fgoals-g2_rcp26_LUCAS-BAU_Med-0003
151,fgoals-g2_rcp26_LUCAS-BAU_Med-0004
152,fgoals-g2_rcp26_LUCAS-BAU_Med-0005
153,fgoals-g2_rcp26_LUCAS-BAU_Med-0006
154,fgoals-g2_rcp26_LUCAS-BAU_Med-0007
155,fgoals-g2_rcp26_LUCAS-BAU_Med-0008
156,fgoals-g2_rcp26_LUCAS-BAU_Med-0009
157,fgoals-g2_rcp26_LUCAS-BAU_Med-0010
158,fgoals-g2_rcp45_LUCAS-BAU_Low-0006
159,fio-esm_rcp26_FORE-SCE-A1B
160,fio-esm_rcp26_FORE-SCE-A2
161,fio-esm_rcp26_FORE-SCE-B1
162,fio-esm_rcp26_GCAM-ref
163,fio-esm_rcp26_LUCAS-BAU_High-0001
164,fio-esm_rcp26_LUCAS-BAU_High-0002
165,fio-esm_rcp26_LUCAS-BAU_High-0003
166,fio-esm_rcp26_LUCAS-BAU_High-0004
167,fio-esm_rcp26_LUCAS-BAU_High-0005
168,fio-esm_rcp26_LUCAS-BAU_High-0006
169,fio-esm_rcp26_LUCAS-BAU_High-0007
170,fio-esm_rcp26_LUCAS-BAU_High-0008
171,fio-esm_rcp26_LUCAS-BAU_High-0009
172,fio-esm_rcp26_LUCAS-BAU_High-0010
173,fio-esm_rcp26_LUCAS-BAU_Low-0001
174,fio-esm_rcp26_LUCAS-BAU_Low-0002
175,fio-esm_rcp26_LUCAS-BAU_Low-0003
176,fio-esm_rcp26_LUCAS-BAU_Low-0004
177,fio-esm_rcp26_LUCAS-BAU_Low-0005
178,fio-esm_rcp26_LUCAS-BAU_Low-0006
179,fio-esm_rcp26_LUCAS-BAU_Low-0007
180,fio-esm_rcp26_LUCAS-BAU_Low-0008
181,fio-esm_rcp26_LUCAS-BAU_Low-0009
182,fio-esm_rcp26_LUCAS-BAU_Low-0010
183,fio-esm_rcp26_LUCAS-BAU_Med-0001
184,fio-esm_rcp26_LUCAS-BAU_Med-0002
185,fio-esm_rcp26_LUCAS-BAU_Med-0003
186,fio-esm_rcp26_LUCAS-BAU_Med-0004
187,fio-esm_rcp26_LUCAS-BAU_Med-0005
188,fio-esm_rcp26_LUCAS-BAU_Med-0006
189,fio-esm_rcp26_LUCAS-BAU_Med-0007
190,fio-esm_rcp26_LUCAS-BAU_Med-0008
191,fio-esm_rcp26_LUCAS-BAU_Med-0009
192,fio-esm_rcp26_LUCAS-BAU_Med-0010
193,fio-esm_rcp45_FORE-SCE-A1B
194,fio-esm_rcp45_FORE-SCE-A2
195,fio-esm_rcp45_FORE-SCE-B1
196,fio-esm_rcp45_LUCAS-BAU_High-0001
197,fio-esm_rcp45_LUCAS-BAU_High-0002
198,fio-esm_rcp45_LUCAS-BAU_High-0003
199,fio-esm_rcp45_LUCAS-BAU_High-0004
200,fio-esm_rcp45_LUCAS-BAU_High-0005
201,fio-esm_rcp45_LUCAS-BAU_High-0006
202,fio-esm_rcp45_LUCAS-BAU_High-0007
203,fio-esm_rcp45_LUCAS-BAU_High-0008
204,fio-esm_rcp45_LUCAS-BAU_High-0009
205,fio-esm_rcp45_LUCAS-BAU_High-0010
206,fio-esm_rcp45_LUCAS-BAU_Low-0001
207,fio-esm_rcp45_LUCAS-BAU_Low-0002
208,fio-esm_rcp45_LUCAS-BAU_Low-0003
209,fio-esm_rcp45_LUCAS-BAU_Low-0004
210,fio-esm_rcp45_LUCAS-BAU_Low-0005
211,fio-esm_rcp45_LUCAS-BAU_Low-0006
212,fio-esm_rcp45_LUCAS-BAU_Low-0007
213,fio-esm_rcp45_LUCAS-BAU_Low-0008
214,fio-esm_rcp45_LUCAS-BAU_Low-0009
215,fio-esm_rcp45_LUCAS-BAU_Low-0010
216,fio-esm_rcp45_LUCAS-BAU_Med-0001
217,fio-esm_rcp45_LUCAS-BAU_Med-0002
218,fio-esm_rcp45_LUCAS-BAU_Med-0003
219,fio-esm_rcp45_LUCAS-BAU_Med-0004
220,fio-esm_rcp45_LUCAS-BAU_Med-0005
221,fio-esm_rcp45_LUCAS-BAU_Med-0006
222,fio-esm_rcp45_LUCAS-BAU_Med-0007
223,fio-esm_rcp45_LUCAS-BAU_Med-0008
224,fio-esm_rcp45_LUCAS-BAU_Med-0009
225,fio-esm_rcp45_LUCAS-BAU_Med-0010
226,fio-esm_rcp60_FORE-SCE-A2
227,fio-esm_rcp60_FORE-SCE-B1
228,fio-esm_rcp60_LUCAS-BAU_High-0001
229,fio-esm_rcp60_LUCAS-BAU_High-0002
230,fio-esm_rcp60_LUCAS-BAU_High-0003
231,fio-esm_rcp60_LUCAS-BAU_High-0004
232,fio-esm_rcp60_LUCAS-BAU_High-0005
233,fio-esm_rcp60_LUCAS-BAU_High-0006
234,fio-esm_rcp60_LUCAS-BAU_High-0007
235,fio-esm_rcp60_LUCAS-BAU_High-0008
236,fio-esm_rcp60_LUCAS-BAU_High-0009
237,fio-esm_rcp60_LUCAS-BAU_High-0010
238,fio-esm_rcp60_LUCAS-BAU_Low-0001
239,fio-esm_rcp60_LUCAS-BAU_Low-0002
240,fio-esm_rcp60_LUCAS-BAU_Low-0003
241,fio-esm_rcp60_LUCAS-BAU_Low-0004
242,fio-esm_rcp60_LUCAS-BAU_Low-0005
243,fio-esm_rcp60_LUCAS-BAU_Low-0006
244,fio-esm_rcp60_LUCAS-BAU_Low-0007
245,fio-esm_rcp60_LUCAS-BAU_Low-0008
246,fio-esm_rcp60_LUCAS-BAU_Low-0009
247,fio-esm_rcp60_LUCAS-BAU_Low-0010
248,fio-esm_rcp60_LUCAS-BAU_Med-0001
249,fio-esm_rcp60_LUCAS-BAU_Med-0002
250,fio-esm_rcp60_LUCAS-BAU_Med-0003
251,fio-esm_rcp60_LUCAS-BAU_Med-0004
252,fio-esm_rcp60_LUCAS-BAU_Med-0005
253,fio-esm_rcp60_LUCAS-BAU_Med-0006
254,fio-esm_rcp60_LUCAS-BAU_Med-0007
255,fio-esm_rcp60_LUCAS-BAU_Med-0008
256,fio-esm_rcp60_LUCAS-BAU_Med-0009
257,fio-esm_rcp60_LUCAS-BAU_Med-0010
258,fio-esm_rcp85_LUCAS-BAU_Low-0006
259,fio-esm_rcp85_LUCAS-BAU_Low-0008
260,giss-e2-h-cc_rcp45_FORE-SCE-A2
261,giss-e2-h-cc_rcp45_FORE-SCE-B1
262,giss-e2-h-cc_rcp45_GCAM-ref
263,giss-e2-h-cc_rcp45_LUCAS-BAU_High-0001
264,giss-e2-h-cc_rcp45_LUCAS-BAU_High-0002
265,giss-e2-h-cc_rcp45_LUCAS-BAU_High-0003
266,giss-e2-h-cc_rcp45_LUCAS-BAU_High-0004
267,giss-e2-h-cc_rcp45_LUCAS-BAU_High-0005
268,giss-e2-h-cc_rcp45_LUCAS-BAU_High-0006
269,giss-e2-h-cc_rcp45_LUCAS-BAU_High-0007
270,giss-e2-h-cc_rcp45_LUCAS-BAU_High-0008
271,giss-e2-h-cc_rcp45_LUCAS-BAU_High-0009
272,giss-e2-h-cc_rcp45_LUCAS-BAU_High-0010
273,giss-e2-h-cc_rcp45_LUCAS-BAU_Low-0001
274,giss-e2-h-cc_rcp45_LUCAS-BAU_Low-0002
275,giss-e2-h-cc_rcp45_LUCAS-BAU_Low-0003
276,giss-e2-h-cc_rcp45_LUCAS-BAU_Low-0004
277,giss-e2-h-cc_rcp45_LUCAS-BAU_Low-0005
278,giss-e2-h-cc_rcp45_LUCAS-BAU_Low-0006
279,giss-e2-h-cc_rcp45_LUCAS-BAU_Low-0007
280,giss-e2-h-cc_rcp45_LUCAS-BAU_Low-0008
281,giss-e2-h-cc_rcp45_LUCAS-BAU_Low-0009
282,giss-e2-h-cc_rcp45_LUCAS-BAU_Low-0010
283,giss-e2-h-cc_rcp45_LUCAS-BAU_Med-0001
284,giss-e2-h-cc_rcp45_LUCAS-BAU_Med-0002
285,giss-e2-h-cc_rcp45_LUCAS-BAU_Med-0003
286,giss-e2-h-cc_rcp45_LUCAS-BAU_Med-0004
287,giss-e2-h-cc_rcp45_LUCAS-BAU_Med-0005
288,giss-e2-h-cc_rcp45_LUCAS-BAU_Med-0006
289,giss-e2-h-cc_rcp45_LUCAS-BAU_Med-0007
290,giss-e2-h-cc_rcp45_LUCAS-BAU_Med-0008
291,giss-e2-h-cc_rcp45_LUCAS-BAU_Med-0009
292,giss-e2-h-cc_rcp45_LUCAS-BAU_Med-0010
293,giss-e2-r_rcp26_FORE-SCE-B1
294,giss-e2-r_rcp26_LUCAS-BAU_High-0001
295,giss-e2-r_rcp26_LUCAS-BAU_High-0002
296,giss-e2-r_rcp26_LUCAS-BAU_High-0003
297,giss-e2-r_rcp26_LUCAS-BAU_High-0004
298,giss-e2-r_rcp26_LUCAS-BAU_High-0005
299,giss-e2-r_rcp26_LUCAS-BAU_High-0006
300,giss-e2-r_rcp26_LUCAS-BAU_High-0007
301,giss-e2-r_rcp26_LUCAS-BAU_High-0008
302,giss-e2-r_rcp26_LUCAS-BAU_High-0009
303,giss-e2-r_rcp26_LUCAS-BAU_High-0010
304,giss-e2-r_rcp26_LUCAS-BAU_Low-0001
305,giss-e2-r_rcp26_LUCAS-BAU_Low-0002
306,giss-e2-r_rcp26_LUCAS-BAU_Low-0003
307,giss-e2-r_rcp26_LUCAS-BAU_Low-0004
308,giss-e2-r_rcp26_LUCAS-BAU_Low-0005
309,giss-e2-r_rcp26_LUCAS-BAU_Low-0006
310,giss-e2-r_rcp26_LUCAS-BAU_Low-0007
311,giss-e2-r_rcp26_LUCAS-BAU_Low-0008
312,giss-e2-r_rcp26_LUCAS-BAU_Low-0009
313,giss-e2-r_rcp26_LUCAS-BAU_Low-0010
314,giss-e2-r_rcp26_LUCAS-BAU_Med-0001
315,giss-e2-r_rcp26_LUCAS-BAU_Med-0002
316,giss-e2-r_rcp26_LUCAS-BAU_Med-0003
317,giss-e2-r_rcp26_LUCAS-BAU_Med-0004
318,giss-e2-r_rcp26_LUCAS-BAU_Med-0005
319,giss-e2-r_rcp26_LUCAS-BAU_Med-0006
320,giss-e2-r_rcp26_LUCAS-BAU_Med-0007
321,giss-e2-r_rcp26_LUCAS-BAU_Med-0008
322,giss-e2-r_rcp26_LUCAS-BAU_Med-0009
323,giss-e2-r_rcp26_LUCAS-BAU_Med-0010
324,giss-e2-r_rcp45_LUCAS-BAU_High-0001
325,giss-e2-r_rcp45_LUCAS-BAU_High-0002
326,giss-e2-r_rcp45_LUCAS-BAU_High-0003
327,giss-e2-r_rcp45_LUCAS-BAU_High-0004
328,giss-e2-r_rcp45_LUCAS-BAU_High-0005
329,giss-e2-r_rcp45_LUCAS-BAU_High-0006
330,giss-e2-r_rcp45_LUCAS-BAU_High-0007
331,giss-e2-r_rcp45_LUCAS-BAU_High-0008
332,giss-e2-r_rcp45_LUCAS-BAU_High-0009
333,giss-e2-r_rcp45_LUCAS-BAU_High-0010
334,giss-e2-r_rcp45_LUCAS-BAU_Low-0001
335,giss-e2-r_rcp45_LUCAS-BAU_Low-0002
336,giss-e2-r_rcp45_LUCAS-BAU_Low-0003
337,giss-e2-r_rcp45_LUCAS-BAU_Low-0004
338,giss-e2-r_rcp45_LUCAS-BAU_Low-0005
339,giss-e2-r_rcp45_LUCAS-BAU_Low-0006
340,giss-e2-r_rcp45_LUCAS-BAU_Low-0007
341,giss-e2-r_rcp45_LUCAS-BAU_Low-0008
342,giss-e2-r_rcp45_LUCAS-BAU_Low-0009
343,giss-e2-r_rcp45_LUCAS-BAU_Low-0010
344,giss-e2-r_rcp45_LUCAS-BAU_Med-0001
345,giss-e2-r_rcp45_LUCAS-BAU_Med-0002
346,giss-e2-r_rcp45_LUCAS-BAU_Med-0003
347,giss-e2-r_rcp45_LUCAS-BAU_Med-0004
348,giss-e2-r_rcp45_LUCAS-BAU_Med-0005
349,giss-e2-r_rcp45_LUCAS-BAU_Med-0006
350,giss-e2-r_rcp45_LUCAS-BAU_Med-0007
351,giss-e2-r_rcp45_LUCAS-BAU_Med-0008
352,giss-e2-r_rcp45_LUCAS-BAU_Med-0009
353,giss-e2-r_rcp45_LUCAS-BAU_Med-0010
354,inmcm4_rcp45_LUCAS-BAU_High-0001
355,inmcm4_rcp45_LUCAS-BAU_High-0002
356,inmcm4_rcp45_LUCAS-BAU_High-0004
357,inmcm4_rcp45_LUCAS-BAU_High-0005
358,inmcm4_rcp45_LUCAS-BAU_High-0006
359,inmcm4_rcp45_LUCAS-BAU_High-0007
360,inmcm4_rcp45_LUCAS-BAU_High-0008
361,inmcm4_rcp45_LUCAS-BAU_High-0009
362,inmcm4_rcp45_LUCAS-BAU_High-0010
363,inmcm4_rcp45_LUCAS-BAU_Low-0001
364,inmcm4_rcp45_LUCAS-BAU_Low-0002
365,inmcm4_rcp45_LUCAS-BAU_Low-0003
366,inmcm4_rcp45_LUCAS-BAU_Low-0004
367,inmcm4_rcp45_LUCAS-BAU_Low-0005
368,inmcm4_rcp45_LUCAS-BAU_Low-0006
369,inmcm4_rcp45_LUCAS-BAU_Low-0007
370,inmcm4_rcp45_LUCAS-BAU_Low-0008
371,inmcm4_rcp45_LUCAS-BAU_Low-0009
372,inmcm4_rcp45_LUCAS-BAU_Low-0010
373,inmcm4_rcp45_LUCAS-BAU_Med-0001
374,inmcm4_rcp45_LUCAS-BAU_Med-0002
375,inmcm4_rcp45_LUCAS-BAU_Med-0003
376,inmcm4_rcp45_LUCAS-BAU_Med-0004
377,inmcm4_rcp45_LUCAS-BAU_Med-0005
378,inmcm4_rcp45_LUCAS-BAU_Med-0006
379,inmcm4_rcp45_LUCAS-BAU_Med-0007
380,inmcm4_rcp45_LUCAS-BAU_Med-0008
381,inmcm4_rcp45_LUCAS-BAU_Med-0009
382,inmcm4_rcp45_LUCAS-BAU_Med-0010
383,inmcm4_rcp85_FORE-SCE-B1
384,inmcm4_rcp85_LUCAS-BAU_High-0001
385,inmcm4_rcp85_LUCAS-BAU_High-0002
386,inmcm4_rcp85_LUCAS-BAU_High-0003
387,inmcm4_rcp85_LUCAS-BAU_High-0004
388,inmcm4_rcp85_LUCAS-BAU_High-0005
389,inmcm4_rcp85_LUCAS-BAU_High-0006
390,inmcm4_rcp85_LUCAS-BAU_High-0007
391,inmcm4_rcp85_LUCAS-BAU_High-0008
392,inmcm4_rcp85_LUCAS-BAU_High-0009
393,inmcm4_rcp85_LUCAS-BAU_High-0010
394,inmcm4_rcp85_LUCAS-BAU_Low-0001
395,inmcm4_rcp85_LUCAS-BAU_Low-0002
396,inmcm4_rcp85_LUCAS-BAU_Low-0003
397,inmcm4_rcp85_LUCAS-BAU_Low-0004
398,inmcm4_rcp85_LUCAS-BAU_Low-0005
399,inmcm4_rcp85_LUCAS-BAU_Low-0006
400,inmcm4_rcp85_LUCAS-BAU_Low-0007
401,inmcm4_rcp85_LUCAS-BAU_Low-0008
402,inmcm4_rcp85_LUCAS-BAU_Low-0009
403,inmcm4_rcp85_LUCAS-BAU_Low-0010
404,inmcm4_rcp85_LUCAS-BAU_Med-0001
405,inmcm4_rcp85_LUCAS-BAU_Med-0002
406,inmcm4_rcp85_LUCAS-BAU_Med-0003
407,inmcm4_rcp85_LUCAS-BAU_Med-0004
408,inmcm4_rcp85_LUCAS-BAU_Med-0005
409,inmcm4_rcp85_LUCAS-BAU_Med-0006
410,inmcm4_rcp85_LUCAS-BAU_Med-0007
411,inmcm4_rcp85_LUCAS-BAU_Med-0008
412,inmcm4_rcp85_LUCAS-BAU_Med-0009
413,inmcm4_rcp85_LUCAS-BAU_Med-0010
414,mpi-esm-mr_rcp26_LUCAS-BAU_High-0001
415,mpi-esm-mr_rcp26_LUCAS-BAU_High-0002
416,mpi-esm-mr_rcp26_LUCAS-BAU_High-0004
417,mpi-esm-mr_rcp26_LUCAS-BAU_High-0005
418,mpi-esm-mr_rcp26_LUCAS-BAU_High-0006
419,mpi-esm-mr_rcp26_LUCAS-BAU_High-0008
420,mpi-esm-mr_rcp26_LUCAS-BAU_High-0009
421,mpi-esm-mr_rcp26_LUCAS-BAU_High-0010
422,mpi-esm-mr_rcp26_LUCAS-BAU_Low-0001
423,mpi-esm-mr_rcp26_LUCAS-BAU_Low-0002
424,mpi-esm-mr_rcp26_LUCAS-BAU_Low-0003
425,mpi-esm-mr_rcp26_LUCAS-BAU_Low-0004
426,mpi-esm-mr_rcp26_LUCAS-BAU_Low-0005
427,mpi-esm-mr_rcp26_LUCAS-BAU_Low-0006
428,mpi-esm-mr_rcp26_LUCAS-BAU_Low-0007
429,mpi-esm-mr_rcp26_LUCAS-BAU_Low-0008
430,mpi-esm-mr_rcp26_LUCAS-BAU_Low-0009
431,mpi-esm-mr_rcp26_LUCAS-BAU_Low-0010
432,mpi-esm-mr_rcp26_LUCAS-BAU_Med-0001
433,mpi-esm-mr_rcp26_LUCAS-BAU_Med-0002
434,mpi-esm-mr_rcp26_LUCAS-BAU_Med-0003
435,mpi-esm-mr_rcp26_LUCAS-BAU_Med-0004
436,mpi-esm-mr_rcp26_LUCAS-BAU_Med-0005
437,mpi-esm-mr_rcp26_LUCAS-BAU_Med-0006
438,mpi-esm-mr_rcp26_LUCAS-BAU_Med-0007
439,mpi-esm-mr_rcp26_LUCAS-BAU_Med-0008
440,mpi-esm-mr_rcp26_LUCAS-BAU_Med-0009
441,mpi-esm-mr_rcp26_LUCAS-BAU_Med-0010
442,mpi-esm-mr_rcp45_LUCAS-BAU_Low-0001
443,mpi-esm-mr_rcp45_LUCAS-BAU_Low-0002
444,mpi-esm-mr_rcp45_LUCAS-BAU_Low-0003
445,mpi-esm-mr_rcp45_LUCAS-BAU_Low-0005
446,mpi-esm-mr_rcp45_LUCAS-BAU_Low-0006
447,mpi-esm-mr_rcp45_LUCAS-BAU_Low-0008
448,mri-cgcm3_rcp26_FORE-SCE-B1
449,mri-cgcm3_rcp26_LUCAS-BAU_High-0001
450,mri-cgcm3_rcp26_LUCAS-BAU_High-0002
451,mri-cgcm3_rcp26_LUCAS-BAU_High-0003
452,mri-cgcm3_rcp26_LUCAS-BAU_High-0004
453,mri-cgcm3_rcp26_LUCAS-BAU_High-0005
454,mri-cgcm3_rcp26_LUCAS-BAU_High-0006
455,mri-cgcm3_rcp26_LUCAS-BAU_High-0007
456,mri-cgcm3_rcp26_LUCAS-BAU_High-0008
457,mri-cgcm3_rcp26_LUCAS-BAU_High-0009
458,mri-cgcm3_rcp26_LUCAS-BAU_High-0010
459,mri-cgcm3_rcp26_LUCAS-BAU_Low-0001
460,mri-cgcm3_rcp26_LUCAS-BAU_Low-0002
461,mri-cgcm3_rcp26_LUCAS-BAU_Low-0003
462,mri-cgcm3_rcp26_LUCAS-BAU_Low-0004
463,mri-cgcm3_rcp26_LUCAS-BAU_Low-0005
464,mri-cgcm3_rcp26_LUCAS-BAU_Low-0006
465,mri-cgcm3_rcp26_LUCAS-BAU_Low-0007
466,mri-cgcm3_rcp26_LUCAS-BAU_Low-0008
467,mri-cgcm3_rcp26_LUCAS-BAU_Low-0009
468,mri-cgcm3_rcp26_LUCAS-BAU_Low-0010
469,mri-cgcm3_rcp26_LUCAS-BAU_Med-0001
470,mri-cgcm3_rcp26_LUCAS-BAU_Med-0002
471,mri-cgcm3_rcp26_LUCAS-BAU_Med-0003
472,mri-cgcm3_rcp26_LUCAS-BAU_Med-0004
473,mri-cgcm3_rcp26_LUCAS-BAU_Med-0005
474,mri-cgcm3_rcp26_LUCAS-BAU_Med-0006
475,mri-cgcm3_rcp26_LUCAS-BAU_Med-0007
476,mri-cgcm3_rcp26_LUCAS-BAU_Med-0008
477,mri-cgcm3_rcp26_LUCAS-BAU_Med-0009
478,mri-cgcm3_rcp26_LUCAS-BAU_Med-0010
479,mri-cgcm3_rcp85_LUCAS-BAU_High-0001
480,mri-cgcm3_rcp85_LUCAS-BAU_High-0002
481,mri-cgcm3_rcp85_LUCAS-BAU_High-0003
482,mri-cgcm3_rcp85_LUCAS-BAU_High-0004
483,mri-cgcm3_rcp85_LUCAS-BAU_High-0005
484,mri-cgcm3_rcp85_LUCAS-BAU_High-0006
485,mri-cgcm3_rcp85_LUCAS-BAU_High-0007
486,mri-cgcm3_rcp85_LUCAS-BAU_High-0008
487,mri-cgcm3_rcp85_LUCAS-BAU_High-0009
488,mri-cgcm3_rcp85_LUCAS-BAU_High-0010
489,mri-cgcm3_rcp85_LUCAS-BAU_Low-0001
490,mri-cgcm3_rcp85_LUCAS-BAU_Low-0002
491,mri-cgcm3_rcp85_LUCAS-BAU_Low-0003
492,mri-cgcm3_rcp85_LUCAS-BAU_Low-0004
493,mri-cgcm3_rcp85_LUCAS-BAU_Low-0005
494,mri-cgcm3_rcp85_LUCAS-BAU_Low-0006
495,mri-cgcm3_rcp85_LUCAS-BAU_Low-0007
496,mri-cgcm3_rcp85_LUCAS-BAU_Low-0008
497,mri-cgcm3_rcp85_LUCAS-BAU_Low-0009
498,mri-cgcm3_rcp85_LUCAS-BAU_Low-0010
499,mri-cgcm3_rcp85_LUCAS-BAU_Med-0001
500,mri-cgcm3_rcp85_LUCAS-BAU_Med-0002
501,mri-cgcm3_rcp85_LUCAS-BAU_Med-0003
502,mri-cgcm3_rcp85_LUCAS-BAU_Med-0004
503,mri-cgcm3_rcp85_LUCAS-BAU_Med-0005
504,mri-cgcm3_rcp85_LUCAS-BAU_Med-0006
505,mri-cgcm3_rcp85_LUCAS-BAU_Med-0007
506,mri-cgcm3_rcp85_LUCAS-BAU_Med-0008
507,mri-cgcm3_rcp85_LUCAS-BAU_Med-0009
508,mri-cgcm3_rcp85_LUCAS-BAU_Med-0010
